projectId,datetime,agentName,note
eyH0pG,2025-12-25T17:10:04.017929,Claude,Created project: Business Manager Agent - Create a business manager agent for managing business operations
eyH0pG,2025-12-25T17:13:35.104440,Claude,Saved artifact: requirementsmd.md
eyH0pG,2025-12-25T17:13:40.884372,Claude,Created requirements document for Business Manager Agent
eyH0pG,2025-12-25T17:29:00.498920,unknown,Saved artifact: agent-skill-architecturemd.md
eyH0pG,2025-12-25T17:29:01.660134,Claude,Created org/engineering architecture documentation
eyH0pG,2025-12-25T17:46:40.070044,unknown,Saved artifact: org-business-companymd.md
eyH0pG,2025-12-25T17:46:40.471582,unknown,Saved artifact: org-business-missionmd.md
eyH0pG,2025-12-25T17:46:40.874660,unknown,Saved artifact: org-business-org-chartmd.md
eyH0pG,2025-12-25T17:46:41.281633,unknown,Saved artifact: org-business-staffmd.md
eyH0pG,2025-12-25T17:46:41.693585,unknown,Saved artifact: org-business-policiesmd.md
eyH0pG,2025-12-25T17:46:49.353597,unknown,Saved artifact: business-context-skillmd.md
eyH0pG,2025-12-25T17:46:49.758201,unknown,Saved artifact: agent-skill-architecture-updatedmd.md
eyH0pG,2025-12-25T17:46:58.885309,Claude,Created org/business/ directory with Aphebis company context
eyH0pG,2025-12-25T17:46:59.310537,Claude,Created business-context skill for shared business context access
eyH0pG,2025-12-25T17:46:59.708106,Claude,Updated business-manager agent to use business-context skill
eyH0pG,2025-12-25T17:47:00.113482,Claude,Updated technical-strategy-advisor agent to use business-context skill
eyH0pG,2025-12-25T17:47:00.540282,Claude,Updated docs-query-expert agent with business context
eyH0pG,2025-12-25T17:47:00.938696,Claude,Updated org/engineering/agent-skill-architecture.md with business context pattern
eyH0pG,2025-12-25T17:54:07.973473,Claude,Pivoted business context strategy: embedded essentials in core agents for zero-latency access
